insert into ciudad values (1, "armenia");
insert into ciudad values (2, "pereira");
insert into ciudad values (3, "manizales");
insert into ciudad values (4, "cali");
insert into ciudad values (5, "bogota");

insert into rol values ("1", "CLIENTE");
insert into rol values ("2", "ADMIN");
insert into rol values ("3", "ADMIN_TEATRO");

insert into cliente values ("12345", "$2a$10$/W/kXAOQZWzRA6b/bybVjOmWV5x.RgA2hQVz4Z7AhGwmRZpDaKb86", "correo@gmail.com", 1, "Cliente", "jessica ospina", 1, "ruta/img", 1, 1, 1);
insert into cliente values ("12346", "$2a$10$/W/kXAOQZWzRA6b/bybVjOmWV5x.RgA2hQVz4Z7AhGwmRZpDaKb86", "correo2@gmail.com", 1, "Cliente", "johana echeverry", 1, "ruta/img", 1, 1, 1);
insert into cliente values ("12347", "$2a$10$/W/kXAOQZWzRA6b/bybVjOmWV5x.RgA2hQVz4Z7AhGwmRZpDaKb86", "correo3@gmail.com", 1, "Cliente", "juan jose ortiz", 1, "ruta/img", 1, 1, 1);
insert into cliente values ("12348", "$2a$10$/W/kXAOQZWzRA6b/bybVjOmWV5x.RgA2hQVz4Z7AhGwmRZpDaKb86", "correo4@gmail.com", 1, "Cliente", "david rodriguez", 1, "ruta/img", 1, 1, 1);
insert into cliente values ("12349", "$2a$10$/W/kXAOQZWzRA6b/bybVjOmWV5x.RgA2hQVz4Z7AhGwmRZpDaKb86", "correo5@gmail.com", 1, "Cliente", "alison lopez", 1, "ruta/img", 1, 1, 1);
insert into cliente values ("12353", "$2a$10$/W/kXAOQZWzRA6b/bybVjOmWV5x.RgA2hQVz4Z7AhGwmRZpDaKb86", "correo6@gmail.com", 1, "Cliente", "jose daniel", 1, "ruta/img", 1, 1, 1);

insert into cliente values ("1094973940", "$2a$10$/W/kXAOQZWzRA6b/bybVjOmWV5x.RgA2hQVz4Z7AhGwmRZpDaKb86", "daniela@gmail.com", 1, "Cliente", "Daniela gonzales", 1, "https://res.cloudinary.com/ddsltuhyg/image/upload/v1667708907/unicine/Usuarios/10_lo3urz.jpg", 1, 1, 1);
insert into cliente values ("1094973941", "$2a$10$/W/kXAOQZWzRA6b/bybVjOmWV5x.RgA2hQVz4Z7AhGwmRZpDaKb86", "diegoA@gmail.com", 1, "Cliente", "Diego alejandro", 1, "https://res.cloudinary.com/ddsltuhyg/image/upload/v1667708907/unicine/Usuarios/7_q2mgd7.png", 1, 1, 1);
insert into cliente values ("1094973943", "$2a$10$/W/kXAOQZWzRA6b/bybVjOmWV5x.RgA2hQVz4Z7AhGwmRZpDaKb86", "erika@gmail.com", 1, "Cliente", "Erika paola", 1, "https://res.cloudinary.com/ddsltuhyg/image/upload/v1667708907/unicine/Usuarios/9_b8orrx.jpg", 1, 1, 1);
insert into cliente values ("1094973944", "$2a$10$/W/kXAOQZWzRA6b/bybVjOmWV5x.RgA2hQVz4Z7AhGwmRZpDaKb86", "nicop@gmail.com", 1, "Cliente", "Nico pereira", 1, "https://res.cloudinary.com/ddsltuhyg/image/upload/v1667708907/unicine/Usuarios/8_h9xnaj.jpg", 1, 1, 1);
insert into cliente values ("1094973945", "$2a$10$/W/kXAOQZWzRA6b/bybVjOmWV5x.RgA2hQVz4Z7AhGwmRZpDaKb86", "Saula@gmail.com", 1, "Cliente", "Saul andres", 1, "https://res.cloudinary.com/ddsltuhyg/image/upload/v1667708907/unicine/Usuarios/3_qigmpy.jpg", 1, 1, 1);
insert into cliente values ("1094973946", "$2a$10$/W/kXAOQZWzRA6b/bybVjOmWV5x.RgA2hQVz4Z7AhGwmRZpDaKb86", "jaime@gmail.com", 1, "Cliente", "Jaime ochoa", 1, "https://res.cloudinary.com/ddsltuhyg/image/upload/v1667708907/unicine/Usuarios/1_mbdpcc.jpg", 1, 1, 1);
insert into cliente values ("1094973947", "$2a$10$/W/kXAOQZWzRA6b/bybVjOmWV5x.RgA2hQVz4Z7AhGwmRZpDaKb86", "Andrea@gmail.com", 1, "Cliente", "Andrea gimenez", 1, "https://res.cloudinary.com/ddsltuhyg/image/upload/v1667708907/unicine/Usuarios/4_yfpvcl.jpg", 1, 1, 1);
insert into cliente values ("1094973948", "$2a$10$/W/kXAOQZWzRA6b/bybVjOmWV5x.RgA2hQVz4Z7AhGwmRZpDaKb86", "jordic@gmail.com", 1, "Cliente", "Jordi cazali", 1, "https://res.cloudinary.com/ddsltuhyg/image/upload/v1667708907/unicine/Usuarios/2_w4hqhw.jpg", 1, 1, 1);
insert into cliente values ("1094973949", "$2a$10$/W/kXAOQZWzRA6b/bybVjOmWV5x.RgA2hQVz4Z7AhGwmRZpDaKb86", "paoa@gmail.com", 1, "Cliente", "Paola andrea", 1, "https://res.cloudinary.com/ddsltuhyg/image/upload/v1667708907/unicine/Usuarios/6_tqel5d.jpg", 1, 1, 1);


insert into cliente_telefonos values ("12345", "3137705899");
insert into cliente_telefonos values ("12345", "3137705800");
insert into cliente_telefonos values ("12346", "3108896632");
insert into cliente_telefonos values ("12347", "3128676692");
insert into cliente_telefonos values ("12348", "3117895588");
insert into cliente_telefonos values ("12349", "3789988564");
insert into cliente_telefonos values ("12353", "3889745523");

insert into cliente_telefonos values ("1094973940", "3118779850");
insert into cliente_telefonos values ("1094973941", "3118779851");
insert into cliente_telefonos values ("1094973949", "3118779852");
insert into cliente_telefonos values ("1094973943", "3118779853");
insert into cliente_telefonos values ("1094973944", "3118779854");
insert into cliente_telefonos values ("1094973945", "3118779855");
insert into cliente_telefonos values ("1094973946", "3118779856");
insert into cliente_telefonos values ("1094973947", "3118779857");
insert into cliente_telefonos values ("1094973948", "3118779858");


insert into administrador values ("12350", "$2a$10$/W/kXAOQZWzRA6b/bybVjOmWV5x.RgA2hQVz4Z7AhGwmRZpDaKb86", "admin1@gmail.com", 2, "Administrador", "administrador 1", 2, 1);
insert into administrador values ("12351", "$2a$10$/W/kXAOQZWzRA6b/bybVjOmWV5x.RgA2hQVz4Z7AhGwmRZpDaKb86", "admin2@gmail.com", 2, "Administrador", "administrador 2", 2, 1);
insert into administrador values ("12352", "$2a$10$/W/kXAOQZWzRA6b/bybVjOmWV5x.RgA2hQVz4Z7AhGwmRZpDaKb86", "admin3@gmail.com", 2, "Administrador_Teatro", "administrador 3", 3, 1);
insert into administrador values ("12354", "$2a$10$/W/kXAOQZWzRA6b/bybVjOmWV5x.RgA2hQVz4Z7AhGwmRZpDaKb86", "admin4@gmail.com", 2, "Administrador", "administrador 4", 2, 1);
insert into administrador values ("12355", "$2a$10$/W/kXAOQZWzRA6b/bybVjOmWV5x.RgA2hQVz4Z7AhGwmRZpDaKb86", "admin5@gmail.com", 2, "Administrador_Teatro", "administrador 5", 3, 1);
insert into administrador values ("12356", "$2a$10$/W/kXAOQZWzRA6b/bybVjOmWV5x.RgA2hQVz4Z7AhGwmRZpDaKb86", "admin6@gmail.com", 3, "Administrador_Teatro", "administrador 6", 3, 1);

insert into confiteria values (1, "https://res.cloudinary.com/ddsltuhyg/image/upload/v1667758822/unicine/confiteria/palomitas_nnmn3r.webp", "Palomitas economico", 9000.0);
insert into confiteria values (2, "https://res.cloudinary.com/ddsltuhyg/image/upload/v1667758818/unicine/confiteria/gaseosa_zlhj17.jpg", "Gaseosa economico", 5000.0);
insert into confiteria values (3, "https://res.cloudinary.com/ddsltuhyg/image/upload/v1667758817/unicine/confiteria/perrocaliente_ah50sp.jpg", "Perro caliente economico", 8000.0);
insert into confiteria values (4, "https://res.cloudinary.com/ddsltuhyg/image/upload/v1667758821/unicine/confiteria/nachos_abmshd.png", "Nachos economico", 10000.0);
insert into confiteria values (5, "https://res.cloudinary.com/ddsltuhyg/image/upload/v1667758817/unicine/confiteria/combo1_gmon0k.jpg", "combo 1 economico", 18000.0);
insert into confiteria values (6, "https://res.cloudinary.com/ddsltuhyg/image/upload/v1667758824/unicine/confiteria/combo2_ogfaaz.png", "Combo 2", 25000.0);
insert into confiteria values (7, "https://res.cloudinary.com/ddsltuhyg/image/upload/v1667758822/unicine/confiteria/palomitas_nnmn3r.webp", "Palomitas", 12000.0);
insert into confiteria values (8, "https://res.cloudinary.com/ddsltuhyg/image/upload/v1667758821/unicine/confiteria/nachos_abmshd.png", "Nachos", 15500.0);
insert into confiteria values (9, "https://res.cloudinary.com/ddsltuhyg/image/upload/v1667758818/unicine/confiteria/gaseosa_zlhj17.jpg", "Gaseosa coca-cola", 9500.0);
insert into confiteria values (10, "https://res.cloudinary.com/ddsltuhyg/image/upload/v1667758817/unicine/confiteria/combo1_gmon0k.jpg", "Combo 1", 25000.0);
insert into confiteria values (11, "https://res.cloudinary.com/ddsltuhyg/image/upload/v1667758817/unicine/confiteria/perrocaliente_ah50sp.jpg", "Perro caliente", 13000.0);
insert into confiteria values (12, "https://res.cloudinary.com/ddsltuhyg/image/upload/v1667758814/unicine/confiteria/combo3_l1dprc.jpg", "Combo 3", 12000.0);


insert into PQRS values (1, "Mensaje prueba pqrs aaa", "12345");
insert into PQRS values (2, "Mensaje prueba pqrs bbb", "12346");
insert into PQRS values (3, "Mensaje prueba pqrs ccc", "12347");
insert into PQRS values (4, "Mensaje prueba pqrs ccc", "12348");
insert into PQRS values (5, "Mensaje prueba pqrs ccc", "12349");

insert into pelicula values (1, "CARTELERA", "Terror", "https://res.cloudinary.com/ddsltuhyg/image/upload/v1668793293/unicine/Peliculas/laluzdeldiablo_dzigsb.jpg", "La luz del diablo", "jhon doe - jana doe", "sinopsis prueba", "https://youtu.be/OkEnG6inG4c");
insert into pelicula values (2, "CARTELERA", "Terror", "https://res.cloudinary.com/ddsltuhyg/image/upload/v1668793294/unicine/Peliculas/amanecermuertos_ogb4tl.jpg", "Amanecer de los muertos", "jhon doe2 - jana doe2", "sinopsis prueba2", "https://youtu.be/DV8mJcuYVaA");
insert into pelicula values (3, "PREVENTA", "Accion", "https://res.cloudinary.com/ddsltuhyg/image/upload/v1668793296/unicine/Peliculas/batmansuperman_infxmn.jpg", "Batmana vs Superman", "jhon doe3 - jana doe3", "sinopsis prueba3", "https://youtu.be/NMWAWljzj8M");
insert into pelicula values (4, "CARTELERA", "Accion", "https://res.cloudinary.com/ddsltuhyg/image/upload/v1668793296/unicine/Peliculas/sonic_hx2u2q.jpg", "Sonic", "jhon doe4 - jana doe4", "sinopsis prueba4", "https://youtu.be/MsaAnA2EZQg");
insert into pelicula values (5, "PREVENTA", "Terror", "https://res.cloudinary.com/ddsltuhyg/image/upload/v1668793297/unicine/Peliculas/nochesinpaz_srr2jq.jpg", "Noche sin paz", "jhon doe5 - jana doe5", "sinopsis prueba5", "https://youtu.be/HWSkF36McgA");

insert into pelicula values (6, "CARTELERA", "Accion", "https://res.cloudinary.com/ddsltuhyg/image/upload/v1667708707/unicine/Peliculas/batman_hj82mv.jpg", "Batman: el caballero de la noche", "Christian Bale - Michael Caine - Heath Ledger - Gary Oldman - Morgan Freeman", "Batman tiene que mantener el equilibrio entre el heroísmo y el vigilantismo para pelear contra un vil criminal conocido como el Guasón, que pretende sumir Ciudad Gótica en la anarquía.", "https://youtu.be/LDG9bisJEaI");
insert into pelicula values (7, "CARTELERA", "Comedia", "https://res.cloudinary.com/ddsltuhyg/image/upload/v1667708707/unicine/Peliculas/zombieland_mdbczt.jpg", "Tierra de Zombies", "	Woody Harrelson - Jesse Eisenberg - Emma Stone", "Después de que un virus transforma a la mayoría de las personas en zombis", "https://youtu.be/thu_n86IhDY");
insert into pelicula values (8, "CARTELERA", "Psicologico", "https://res.cloudinary.com/ddsltuhyg/image/upload/v1667708706/unicine/Peliculas/joker_hfzrvp.jpg", "Joker", "Joaquin Phoenix - Robert De Niro - Zazie Beetz", "Arthur Fleck adora hacer reír a la gente, pero su carrera como comediante es un fracaso. El repudio social, la marginación y una serie de trágicos acontecimientos lo conducen por el sendero de la locura y, finalmente, cae en el mundo del crimen.", "https://youtu.be/WwkZqhpE0E4");
insert into pelicula values (9, "PREVENTA", "Accion", "https://res.cloudinary.com/ddsltuhyg/image/upload/v1667708705/unicine/Peliculas/morbius_knzc98.jpg", "Morbius", "Jared Leto - Matt Smith - Adria Arjona", "Al intentar encontrar una cura para una extraña enfermedad en su sangre, un doctor se transforma en un vampiro.", "https://youtu.be/SYOePdCZfqM");
insert into pelicula values (10, "CARTELERA", "Accion", "https://res.cloudinary.com/ddsltuhyg/image/upload/v1667708704/unicine/Peliculas/madmax_rwtpua.jpg", "Mad Max: furia en el camino", "Tom Hardy - Charlize Theron - Nicholas Hoult", "Aunque está decidido a vagar solo por el páramo post-apocalíptico, Mad Max se une a Furiosa, una comandante fugitiva, y su banda, quienes están tratando de escapar de un señor de la guerra.", "https://youtu.be/3KMMdqfwvmc");
insert into pelicula values (11, "PREVENTA", "Accion", "https://res.cloudinary.com/ddsltuhyg/image/upload/v1667708704/unicine/Peliculas/pulp_fiction_anblw9.jpg", "Pulp Fiction", "John Travolta - Samuel L. Jackson - Uma Thurman", "La vida de un boxeador, dos sicarios, la esposa de un gánster y dos bandidos se entrelaza en una historia de violencia y redención.", "https://youtu.be/tGpTpVyI_OQ");
insert into pelicula values (12, "PREVENTA", "Accion", "https://res.cloudinary.com/ddsltuhyg/image/upload/v1667708704/unicine/Peliculas/spiderman_cxnnsl.jpg", "Spider-Man", "	Tobey Maguire - Willem Dafoe - Kirsten Dunst", "Luego de sufrir la picadura de una araña genéticamente modificada, un estudiante de secundaria tímido y torpe adquiere increíbles capacidades como arácnido.", "https://youtu.be/t06RUxPbp_c");
insert into pelicula values (13, "CARTELERA", "Terror", "https://res.cloudinary.com/ddsltuhyg/image/upload/v1667708703/unicine/Peliculas/pesadilla_pimd8j.jpg", "Pesadilla en la calle Elm", "Heather Langenkamp - Ronee Blakley - John Saxon", "Un grupo de adolescentes sufre unas pesadillas horrendas en las que un ser deforme que porta garras de acero los persigue. Lo más inquietante es que los hechos empiezan a sugerir que lo que ocurre mientras sueñan repercute en la vida real.", "https://youtu.be/aBhok4ziOU4");
insert into pelicula values (14, "PREVENTA", "Terror", "https://res.cloudinary.com/ddsltuhyg/image/upload/v1667708702/unicine/Peliculas/halloween_pm1hky.jpg", "Halloween II", "Jamie Lee Curtis - Donald Pleasence", "El asesino Michael Myers sigue a un blanco herido hasta el hospital el 31 de octubre en Haddonfield, Illinois.", "https://youtu.be/N2dN_3Y-3bU");
insert into pelicula values (15, "PREVENTA", "Accion", "https://res.cloudinary.com/ddsltuhyg/image/upload/v1667708702/unicine/Peliculas/transformers_cgkvlf.jpg", "Transformers", "Shia LaBeouf - Megan Fox - Tyrese Gibson", "El destino de la humanidad está en juego cuando dos razas de robots, los buenos Autobots y los villanos Decepticons, llevan su guerra a la Tierra.", "https://youtu.be/IBCLUy7pB5w");
insert into pelicula values (16, "CARTELERA", "Accion", "https://res.cloudinary.com/ddsltuhyg/image/upload/v1668784433/unicine/Peliculas/mortalkombat_xca5h7.webp", "Mortal Kombat", "Lewis Tan - Hiroyuki Sanada - Joe Taslim - Tadanobu Asano", "Cole Young, luchador de MMA, desconoce su ascendencia y tampoco sabe por qué el emperador Shang Tsung ha enviado a su mejor guerrero para atraparlo.", "https://youtu.be/jBa_aHwCbC4");
insert into pelicula values (17, "CARTELERA", "Accion", "https://res.cloudinary.com/ddsltuhyg/image/upload/v1668784436/unicine/Peliculas/avatar_sof34g.jpg", "Avatar", "Sam Worthington - Zoe Saldaña - Sigourney Weaver", "Entramos en el mundo Avatar de la mano de Jake Sully, un ex-Marine en silla de ruedas, que ha sido reclutado para viajar a Pandora, donde existe un mineral raro y muy preciado que puede solucionar la crisis energética existente en la Tierra.", "https://youtu.be/rjRVnVziU2A");
insert into pelicula values (18, "CARTELERA", "Psicologico", "https://res.cloudinary.com/ddsltuhyg/image/upload/v1668784437/unicine/Peliculas/elorigen_aq6zcg.jpg", "El origen", "Leonardo DiCaprio - Ken Watanabe - Joseph Gordon-Levitt", "Dom Cobb (Leonardo DiCaprio) es un ladrón con una extraña habilidad para entrar a los sueños de la gente y robarle los secretos de sus subconscientes.", "https://youtu.be/5EiV_HXIIGs");
insert into pelicula values (19, "CARTELERA", "Accion", "https://res.cloudinary.com/ddsltuhyg/image/upload/v1668784438/unicine/Peliculas/wakandaporsiempre_brm99y.jpg", "Black Panther: Wakanda Forever", "Letitia Wright - Lupita Nyong'o - Danai Gurira", "Una secuela que seguirá explorando el incomparable mundo de Wakanda y todos los ricos y variados personajes presentados en la película de 2018.", "https://youtu.be/_Z3QKkl1WyM");
insert into pelicula values (20, "CARTELERA", "Terror", "https://res.cloudinary.com/ddsltuhyg/image/upload/v1668784441/unicine/Peliculas/destinofinal3d_hodst9.jpg", "Destino final 4", "Bobby Campo - Shantel VanSanten - Haley Webb - Mykelti Williamson", "Un grupo de amigos acude a un circuito de carreras. Durante la competencia, Nick tiene una premonición sobre un accidente y saca a sus amigos del recinto para escapar de la tragedia.", "https://youtu.be/x-MR-onocy0");
insert into pelicula values (21, "PREVENTA", "Accion", "https://res.cloudinary.com/ddsltuhyg/image/upload/v1668784445/unicine/Peliculas/light_z2bcxh.jpg", "Lightyear", "Chris Evans - Taika Waititi - James Brolin - Keke Palmer", "Buzz Lightyear se embarca en una aventura intergaláctica con un grupo de reclutas ambiciosos y su compañero robot. Los amigos tendrán que aprender a trabajar juntos para escapar del malvado Zurg y su ejército de robots.", "https://youtu.be/tjcrjrX9Nfo");
insert into pelicula values (22, "PREVENTA", "Accion", "https://res.cloudinary.com/ddsltuhyg/image/upload/v1668784444/unicine/Peliculas/tenet_lljggy.jpg", "Tenet", "John David Washington - Robert Pattinson - Elizabeth Debicki - Dimple Kapadia", "Un agente secreto emprende una misión que se desarrolla más allá del tiempo real, para intentar prevenir una Tercera Guerra Mundial.", "https://youtu.be/AZGcmvrTX9M");
insert into pelicula values (23, "PREVENTA", "Accion", "https://res.cloudinary.com/ddsltuhyg/image/upload/v1668784448/unicine/Peliculas/blackadam_usramg.png", "Black Adam", "Dwayne Johnson - Aldis Hodge - Noah Centineo", "Unos arqueólogos liberan de su tumba a Black Adam, quien llevaba 5000 años preso tras haber recibido los poderes de los dioses.", "https://youtu.be/2DTtIVRUFx8");
insert into pelicula values (24, "PREVENTA", "Terror", "https://res.cloudinary.com/ddsltuhyg/image/upload/v1668784448/unicine/Peliculas/smile_zajehu.jpg", "Smile", "Sosie Bacon - Jessie Usher - Kal Penn", "Tras presencia el dramático incidente sufrido por un paciente, la Dra. Cotter empieza a experimentar hechos aterradores sin explicación aparente.", "https://youtu.be/yhKiQGJop_8");
insert into pelicula values (25, "PREVENTA", "Comedia", "https://res.cloudinary.com/ddsltuhyg/image/upload/v1668784449/unicine/Peliculas/increibles2_ef5rmp.jpg", "Increibles 2", "Holly Hunter - Craig T. Nelson - Samuel L. Jackson", "Elastigirl parte para luchar contra un ciberdelincuente que planea hipnotizar al mundo a través de las pantallas de las computadoras. Eso deja a Mr. Increíble con uno de sus mayores desafíos: quedarse en casa y cuidar de tres niños traviesos.", "https://youtu.be/1Rwr3IGt0ag");




insert into cupon values (1, "criterio prueba", "descripcion prueba", "2022-10-02", 20000.0);
insert into cupon values (2, "criterio prueba2", "descripcion prueba2", "2022-10-02", 21000.0);
insert into cupon values (3, "criterio prueba3", "descripcion prueba3", "2022-10-02", 22000.0);
insert into cupon values (4, "criterio prueba4", "descripcion prueba4", "2022-10-02", 23000.0);
insert into cupon values (5, "criterio prueba5", "descripcion prueba5", "2022-10-05", 24000.0);

insert into horario values (1, "2022-10-20", "12:30:59");
insert into horario values (2, "2022-10-21", "11:30:59");
insert into horario values (3, "2022-10-22", "10:30:59");
insert into horario values (4, "2022-10-23", "09:30:59");
insert into horario values (5, "2022-10-24", "08:30:59");

insert into funcion values (1, 20000.0, 1);
insert into funcion values (2, 22000.0, 2);
insert into funcion values (3, 23000.0, 3);
insert into funcion values (4, 24000.0, 4);
insert into funcion values (5, 27000.0, 5);

insert into teatro values (1, "Cra. 14 #6-02", "Teatro 1 prueba", 1);
insert into teatro values (2, "Cra. 14 #7-02", "Teatro 2 prueba", 1);
insert into teatro values (3, "Cra. 14 #8-02", "Teatro 3 prueba", 1);
insert into teatro values (4, "Cra. 14 #9-02", "Teatro 4 prueba", 1);
insert into teatro values (5, "Cra. 14 #10-02", "Teatro 5 prueba", 1);

insert into distribucion_silla values (1, 20, "Distribuccion 3", 12, 236);
insert into distribucion_silla values (2, 31, "Distribuccion 1", 17, 519);
insert into distribucion_silla values (3, 20, "Distribuccion 2", 11, 220);

insert into sala values (1, "Sala 1 prueba", 1, 1);
insert into sala values (2, "Sala 2 prueba", 1, 2);
insert into sala values (3, "Sala 3 prueba", 2, 1);
insert into sala values (4, "Sala 4 prueba", 2, 3);
insert into sala values (5, "Sala 5 prueba", 3, 1);

insert into funcion_sala values (1, 2, 6, 1); -- funcion sala, funcion id, pelicula id, sala id
insert into funcion_sala values (2, 1, 7, 1);
insert into funcion_sala values (3, 1, 8, 1);
insert into funcion_sala values (4, 2, 9, 1);
insert into funcion_sala values (5, 3, 10, 1);

insert into cupon_cliente values (1, 1, "12345", 1);
insert into cupon_cliente values (2, 1, "12346", 2);
insert into cupon_cliente values (3, 1, "12345", 2);
insert into cupon_cliente values (4, 1, "12347", 4);
insert into cupon_cliente values (5, 1, "12349", 5);

insert into compra values (1, "2022-10-02 12:30:59", "Efectivo", 30000.0, 30000.0, "12345", 1, 1);
insert into compra values (2, "2022-10-03 12:30:59", "Efectivo", 40000.0, 40000.0, "12346", 2, 1);
insert into compra values (3, "2022-10-04 12:30:59", "Tarjeta", 50000.0, 50000.0, "12346", 2, 2);
insert into compra values (4, "2022-10-05 12:30:59", "Efectivo", 70000.0, 70000.0, "12347", 4, 3);
insert into compra values (5, "2022-10-05 12:30:59", "Efectivo", 20000.0, 20000.0, "12347", 4, 2);

insert into confiteria_compra values (1, 50000.0, 1, 3, 1);
insert into confiteria_compra values (2, 30000.0, 1, 1, 2);
insert into confiteria_compra values (3, 40000.0, 1, 2, 3);
insert into confiteria_compra values (4, 70000.0, 1, 5, 4);
insert into confiteria_compra values (5, 60000.0, 1, 4, 5);

insert into entrada values (1, "A", "3", 20000.0, 1);
insert into entrada values (2, "A", "4", 20000.0, 1);
insert into entrada values (3, "D", "4", 20000.0, 2);
insert into entrada values (4, "A", "7", 20000.0, 3);
insert into entrada values (5, "B", "4", 20000.0, 3);